<Ui xmlns="http://www.blizzard.com/wow/ui/" xmlns:xsi="http://www.w3.org/2001/XMLSchema-instance" xsi:schemaLocation="http://www.blizzard.com/wow/ui/">
	<Button name="ZygorGuidesViewerMapIcon" movable="true" parent="Minimap" frameStrata="MEDIUM" hidden="true">
		<Size><AbsDimension x="24" y="24"/></Size>
		<Anchors><Anchor point="CENTER" relativePoint="BOTTOMLEFT"><Offset><AbsDimension x="16" y="16"/></Offset></Anchor></Anchors>

		<Layers>
			<Layer level="BACKGROUND">
			<Texture name="$parentBack" file="(zglogo-back)" parentKey="back" sublevel="1">
				<Size><AbsDimension x="27" y="27"/></Size>
				<Anchors><Anchor point="CENTER" relativePoint="CENTER"><Offset><AbsDimension x="1" y="1"/></Offset></Anchor></Anchors>
			</Texture>
			</Layer>
			<Layer level="OVERLAY">
			<Texture name="$parentOverlay" file="Interface\Minimap\MiniMap-TrackingBorder" sublevel="1">
				<Size><AbsDimension x="52" y="52"/></Size>
				<Anchors><Anchor point="CENTER" relativePoint="CENTER"><Offset><AbsDimension x="11" y="-11"/></Offset></Anchor></Anchors>
			</Texture>
			</Layer>
		</Layers>

		<NormalTexture file="(zglogo)" parentKey="ntx">
			<Anchors><Anchor point="CENTER" relativePoint="CENTER"><Offset><AbsDimension x="1" y="0"/></Offset></Anchor></Anchors>
			<Size><AbsDimension x="21" y="21"/></Size>
			<TexCoords left="0.000" right="1.000" top="0.000" bottom="0.250"/>
		</NormalTexture>

		<PushedTexture file="(zglogo)" parentKey="ptx">
			<Anchors><Anchor point="CENTER" relativePoint="CENTER"><Offset><AbsDimension x="1" y="0"/></Offset></Anchor></Anchors>
			<Size><AbsDimension x="21" y="21"/></Size>
			<TexCoords left="0.000" right="1.000" top="0.250" bottom="0.500"/>
		</PushedTexture>

		<HighlightTexture file="(zglogo)" alphaMode="ADD" parentKey="htx">
			<Anchors><Anchor point="CENTER" relativePoint="CENTER"><Offset><AbsDimension x="1" y="0"/></Offset></Anchor></Anchors>
			<Size><AbsDimension x="21" y="21"/></Size>
			<TexCoords left="0.000" right="1.000" top="0.500" bottom="0.750"/>
		</HighlightTexture>


		<Scripts>
			<OnClick>
			if button=="LeftButton" then
				if ZGV.Config.Running or ZGV.Tutorial.Running then
					return end


				ZygorGuidesViewer:ToggleFrame()
			else
				if ZygorGuidesViewer.ProfilerMode and IsAltKeyDown() and IsControlKeyDown() then
					-- TODO find a way to reuse the proc from OnEnter
					-- this is really ugly and I'm ashamed ~aprotas
					GameTooltip:Hide()
					GameTooltip:SetOwner(self, "BOTTOMLEFT")
					GameTooltip:SetText(ZygorGuidesViewer.L['name'])
					GameTooltip:AddLine(self.ToolTipPair[ZygorGuidesViewer.ProfilerRunning or false],0,1,0,1)
					GameTooltip:Show()
					ZygorGuidesViewer:ProfilerReport()
				else
					ZygorGuidesViewer:OpenOptions()
				end
			end
			</OnClick>
			<OnDragStart> self:StartMoving() </OnDragStart>
			<OnDragStop> self:StopMovingOrSizing() </OnDragStop>
			<OnLoad>
				self:RegisterForClicks("LeftButtonUp","RightButtonUp")
				self:RegisterForDrag("LeftButton")
				if ZygorGuidesViewer.ProfilerMode or GetCVar("scriptProfile")=="1" then -- whichever event happens first
					local start_t=ZygorGuidesViewer.L['minimap_tooltip']..ZygorGuidesViewer.L['minimap_tooltip_ex1']
					local stop_t=ZygorGuidesViewer.L['minimap_tooltip']..ZygorGuidesViewer.L['minimap_tooltip_ex2']
					self.ToolTipPair = { [true]=stop_t,
										 [false]=stop_t }
				else
					local tool=ZygorGuidesViewer.L['minimap_tooltip']
					self.ToolTipPair = { [true]=tool,
										 [false]=tool }
				end
				</OnLoad>
			<OnEnter>
				GameTooltip:SetOwner(self, "BOTTOMLEFT")
				GameTooltip:SetText(ZygorGuidesViewer.L['name'])
				GameTooltip:AddLine(self.ToolTipPair[ZygorGuidesViewer.ProfilerRunning or false],0,1,0,1)
				GameTooltip:Show()
			</OnEnter>
			<OnLeave>
				GameTooltip:Hide()
			</OnLeave>
		</Scripts>
	</Button>
</Ui>
