<Ui xmlns="http://www.blizzard.com/wow/ui/">
	
	<Script file="Iron_Horde_Invasion_H.lua"/>
	<Script file="Darkmoon_Faire_H.lua"/>
	
	<Script file="LunarFestival_Eastern_H.lua"/>
	<Script file="LunarFestival_Kalimdor_H.lua"/>
	<Script file="LunarFestival_Northrend_H.lua"/>
	
	<Script file="Love_Air_Chain_H.lua"/>
	<Script file="Love_Air_Daily_H.lua"/>
			
	<Script file="Childrens_Week_Achievement_H.lua"/>
	<Script file="Childrens_Week_Azeroth_H.lua"/>
	<Script file="Childrens_Week_Northrend_F.lua"/>
	<Script file="Childrens_Week_Northrend_O.lua"/>
	<Script file="Childrens_Week_Outland_H.lua"/>
	
	<Script file="Midsummer_Festival_Azeroth_H.lua"/>
	<Script file="Midsummer_Festival_Northrend_H.lua"/>
	<Script file="Midsummer_Festival_Outland_H.lua"/>
	<Script file="Midsummer_Festival_Pandaria_H.lua"/>	
	
	<Script file="Brewfest_H.lua"/>	
	
	<Script file="Hallows_End_Quest_H.lua"/>	
	<Script file="Hallows_End_Daily_H.lua"/>
	<Script file="Hallows_End_Garrison_Daily_H.lua"/>
	<Script file="Hallows_End_Eastern_Kingdom_H.lua"/>
	<Script file="Hallows_End_Kalimdor_H.lua"/>
	<Script file="Hallows_End_Northrend_H.lua"/>
	<Script file="Hallows_End_Outland_H.lua"/>	
	<Script file="Hallows_End_Cataclysm_H.lua"/>
	<Script file="Hallows_End_Pandaria_H.lua"/>
	
	<Script file="Pilgrims_Bounty_H.lua"/>
	
	<Script file="Day_of_The_Dead_H.lua"/>
	
	<Script file="WinterVeil_Quests_H.lua"/>
	<Script file="WinterVeil_Daily_H.lua"/>
	<Script file="WinterVeil_Achievement_H.lua"/>
	<Script file="Ogrila_Chain_H.lua"/>
	
</Ui>
