<Ui xmlns="http://www.blizzard.com/wow/ui/" xmlns:xsi="http://www.w3.org/2001/XMLSchema-instance" xsi:schemaLocation="http://www.blizzard.com/wow/ui/ D:\UI.xsd">
	<FontString name="ZGVF_Default_StepLineText" inherits="GameFontHighlightSmall" text="" justifyH="LEFT" justifyV="TOP" virtual="true">
	<!-- multilineIndent="true" -->
		<Anchors><Anchor point="TOPLEFT" relativePoint="TOPLEFT" /></Anchors>
		<Color r="1.0" g="1.0" b="1.0"/>
	</FontString>

	<Font name="ZGVF_Default_TabFont" inherits="SystemFont_Small" virtual="true">
		<Color r="1.0" g="1.0" b="1.0"/>
		<FontHeight val="9" />
	</Font>

	<Texture name="ZGVF_Default_StepLineIcon" virtual="true"><Size x="14" y="14"/></Texture>
	
	<Frame name="ZGVF_Default_StepLineBack" virtual="true">
		<Animations>
			<AnimationGroup name="$parent_white2green">
				<Animation duration="0.5" maxFramerate="30" smoothing="OUT">
					<Scripts>
						<OnUpdate>
							local back = self:GetParent():GetParent()
							local progress = 1.0 - self:GetSmoothProgress()
							local r=ZGV.db.profile.goalbackcomplete.r+(1-ZGV.db.profile.goalbackcomplete.r)*progress
							local g=ZGV.db.profile.goalbackcomplete.g+(1-ZGV.db.profile.goalbackcomplete.g)*progress
							local b=ZGV.db.profile.goalbackcomplete.b+(1-ZGV.db.profile.goalbackcomplete.b)*progress
							local a=ZGV.db.profile.goalbackcomplete.a+(1-ZGV.db.profile.goalbackcomplete.a)*progress
							back:SetBackdropColor(r,g,b,a)
							back:SetBackdropBorderColor(r,g,b,a)
						</OnUpdate>
					</Scripts>
				</Animation>
			</AnimationGroup>
			<AnimationGroup name="$parent_white2rgba">
				<Animation duration="0.5" maxFramerate="30" smoothing="OUT">
					<Scripts>
						<OnUpdate>
							local back = self:GetParent():GetParent()
							local parent = self:GetParent()
							local progress = 1.0 - self:GetSmoothProgress()
							local r=parent.r+(1-parent.r)*progress
							local g=parent.g+(1-parent.g)*progress
							local b=parent.b+(1-parent.b)*progress
							local a=parent.a+(1-parent.a)*progress
							back:SetBackdropColor(r,g,b,a)
							back:SetBackdropBorderColor(r,g,b,a)
						</OnUpdate>
					</Scripts>
				</Animation>
			</AnimationGroup>
			<AnimationGroup name="$parent_rgba2rgba">
				<Animation duration="0.5" maxFramerate="30" smoothing="OUT">
					<Scripts>
						<OnUpdate>
							local back = self:GetParent():GetParent()
							local parent = self:GetParent()
							local progress = 1.0 - self:GetSmoothProgress()
							local r=parent.r+(parent.sr-parent.r)*progress
							local g=parent.g+(parent.sg-parent.g)*progress
							local b=parent.b+(parent.sb-parent.b)*progress
							local a=parent.a+(parent.sa-parent.a)*progress
							back:SetBackdropColor(r,g,b,a)
							back:SetBackdropBorderColor(r,g,b,a)
						</OnUpdate>
					</Scripts>
				</Animation>
			</AnimationGroup>
		</Animations>
	</Frame>

	<Button name="ZygorGuidesViewer_ProgressBar">
		<Size>
			<AbsDimension x="0" y="18"/>
		</Size>
		<Backdrop bgFile="Interface\Tooltips\UI-Tooltip-Background" edgeFile="" tile="true">
			<EdgeSize>
				<AbsValue val="4"/>
			</EdgeSize>
			<TileSize>
				<AbsValue val="16" />
			</TileSize>
			<BackgroundInsets>
				<AbsInset left="6" right="6" top="6" bottom="6" />
			</BackgroundInsets>
			<Color r="0.0" g="0.0" b="0.0" a="0.8" />		
		</Backdrop>
		
		<Layers>
			<Layer level="ARTWORK">
				<Texture name="$parent_Texture" file="Interface\TargetingFrame\UI-StatusBar">
					<Size>
						<AbsDimension x="0" y="7"/>
					</Size>
					<Anchors>
						<Anchor point="LEFT">
							<AbsDimension x="5" y=""/>
						</Anchor>
					</Anchors>
					<Color r="0.0" g="1.0" b="0.0" a="0.8"/>
				</Texture>
			</Layer>
	
			<Layer level="OVERLAY">
				<FontString name="$parent_TextString" inherits="SystemFont_Small" text="ProgressBar">
					<Anchors>
						<Anchor point="CENTER">
							<AbsDimension x="0" y="1"/>
						</Anchor>
					</Anchors>
					<Color r="1.0" g="1.0" b="1.0" a="1.0"/>
				</FontString>
			</Layer>
		</Layers>	
		
		<Scripts>
			<OnLoad>
				ZygorGuidesViewer_ProgressBar:Hide()
				ZygorGuidesViewer_ProgressBar_TextString:Hide()
				self:RegisterForDrag("LeftButton")
			</OnLoad>
			<OnDragStart> if not ZygorGuidesViewer.db.profile["windowlocked"] then if button=='LeftButton' then ZygorGuidesViewerFrameMaster:StartMoving() ZygorGuidesViewer.framemoving=true else ZygorGuidesViewer:SetOption("Display","resizeup") end end </OnDragStart>
			<OnDragStop> ZygorGuidesViewerFrameMaster:StopMovingOrSizing() ZygorGuidesViewer:AlignFrame() ZGV.framemoving=nil </OnDragStop>
			<OnEnter>
				ZygorGuidesViewer_ProgressBar_TextString:Show()
				ZygorGuidesViewer_ProgressBar_OnEnter()
			</OnEnter>
			<OnLeave>
				ZygorGuidesViewer_ProgressBar_OnExit()
			</OnLeave>
			<OnClick>
				ZygorGuidesViewer_ProgressBar_OnClick()
			</OnClick>
		</Scripts>
	</Button>

	<Frame name="ZGVF_Default_StepLine" virtual="true">
		<Frames>
			<Frame name="$parentBack" inherits="ZGVF_Default_StepLineBack" hidden="true" parentKey="back" />
			<Frame name="$parentContent" setAllPoints="true">
				<Layers>
					<Layer level="ARTWORK">
						<FontString name="$parentText" inherits="ZGVF_Default_StepLineText" parentKey="label" />
						<Texture name="$parentIcon" inherits="ZGVF_Default_StepLineIcon" hidden="true" parentKey="icon" />
					</Layer>
				</Layers>
				<Scripts>
					<OnLoad>
						self:GetParent().label = self.label
						self:GetParent().icon = self.icon
					</OnLoad>
				</Scripts>
			</Frame>
			<Button name="$parentClicker" hidden="false" parentKey="clicker" frameStrata="LOW" frameLevel="99">
				<!--
				<Animations>
					<AnimationGroup parentKey="hilite">
						<Alpha duration="0.2" maxFramerate="30" change="0.5" smoothing="OUT" />
						<Scripts>
							<OnPlay>
								self:GetParent():SetAlpha(0)
							</OnPlay>
							<OnFinished>
								self:GetParent():SetAlpha(0.5)
								if not self:GetParent().over then self:GetParent().fade:Play() end
							</OnFinished>
						</Scripts>
					</AnimationGroup>
					<AnimationGroup parentKey="fade">
						<Alpha duration="0.2" maxFramerate="30" change="-0.5" smoothing="OUT" />
						<Scripts>
							<OnFinished>
								self:GetParent():SetAlpha(0)
								if self:GetParent().over then self:GetParent().hilite:Play() end
							</OnFinished>
						</Scripts>
					</AnimationGroup>
				</Animations>
				-->
			</Button>
		</Frames>
	</Frame>

	<Button name="ZGVF_Default_Step" virtual="true" hidden="true" movable="true" enableMouse="true">
		<Animations>
			<AnimationGroup name="$parent_slideup">
				<Animation duration="0.3" maxFramerate="30" smoothing="IN_OUT" order="1">
					<Scripts>
						<OnPlay>
							-- ONLY for step 1
							self.f = self:GetRegionParent()
							self.f:ClearAllPoints()
							self.offset = 50
						</OnPlay>
						<OnUpdate>
							local off = -self.offset*(1-self:GetSmoothProgress())
							self.f:SetPoint("TOPLEFT","ZygorGuidesViewerFrame_ScrollChild","TOPLEFT",0,off)
							self.f:SetPoint("TOPRIGHT","ZygorGuidesViewerFrame_ScrollChild","TOPRIGHT",0,off)
						</OnUpdate>
						<OnFinished>
							self.f:SetPoint("TOPLEFT","ZygorGuidesViewerFrame_ScrollChild","TOPLEFT",0,0)
							self.f:SetPoint("TOPRIGHT","ZygorGuidesViewerFrame_ScrollChild","TOPRIGHT",0,0)
						</OnFinished>
					</Scripts>
				</Animation>
			</AnimationGroup>
			<AnimationGroup name="$parent_fadeout">
				<!--<Scale looping="NONE" duration="2.3" maxFramerate="30" smoothing="NONE" scaleX="0.3" scaleY="0.3" order="1"></Scale>-->
				<Alpha duration="2.3" maxFramerate="30" smoothing="NONE" change="-1" order="1">
					<Scripts>
						<OnFinished>
							self:GetRegionParent():Hide()
						</OnFinished>
					</Scripts>
				</Alpha>
			</AnimationGroup>
		</Animations>
		<Frames>
			<Frame name="$parent_Border" parentKey="border" setAllPoints="true" />
			<Frame name="$parent_Line1" inherits="ZGVF_Default_StepLine" />
			<Frame name="$parent_Line2" inherits="ZGVF_Default_StepLine" />
			<Frame name="$parent_Line3" inherits="ZGVF_Default_StepLine" />
			<Frame name="$parent_Line4" inherits="ZGVF_Default_StepLine" />
			<Frame name="$parent_Line5" inherits="ZGVF_Default_StepLine" />
			<Frame name="$parent_Line6" inherits="ZGVF_Default_StepLine" />
			<Frame name="$parent_Line7" inherits="ZGVF_Default_StepLine" />
			<Frame name="$parent_Line8" inherits="ZGVF_Default_StepLine" />
			<Frame name="$parent_Line9" inherits="ZGVF_Default_StepLine" />
			<Frame name="$parent_Line10" inherits="ZGVF_Default_StepLine" />
			<Frame name="$parent_Line11" inherits="ZGVF_Default_StepLine" />
			<Frame name="$parent_Line12" inherits="ZGVF_Default_StepLine" />
			<Frame name="$parent_Line13" inherits="ZGVF_Default_StepLine" />
			<Frame name="$parent_Line14" inherits="ZGVF_Default_StepLine" />
			<Frame name="$parent_Line15" inherits="ZGVF_Default_StepLine" />
			<Frame name="$parent_Line16" inherits="ZGVF_Default_StepLine" />
			<Frame name="$parent_Line17" inherits="ZGVF_Default_StepLine" />
			<Frame name="$parent_Line18" inherits="ZGVF_Default_StepLine" />
			<Frame name="$parent_Line19" inherits="ZGVF_Default_StepLine" />
			<Frame name="$parent_Line20" inherits="ZGVF_Default_StepLine" />
			<Frame name="$parent_Line21" inherits="ZGVF_Default_StepLine" />
			<Frame name="$parent_Line22" inherits="ZGVF_Default_StepLine" />
			<Frame name="$parent_Line23" inherits="ZGVF_Default_StepLine" />
			<Frame name="$parent_Line24" inherits="ZGVF_Default_StepLine" />
			<Frame name="$parent_Line25" inherits="ZGVF_Default_StepLine" />
			<Frame name="$parent_Line26" inherits="ZGVF_Default_StepLine" />
			<Frame name="$parent_Line27" inherits="ZGVF_Default_StepLine" />
			<Frame name="$parent_Line28" inherits="ZGVF_Default_StepLine" />
			<Frame name="$parent_Line29" inherits="ZGVF_Default_StepLine" />
			<Frame name="$parent_Line30" inherits="ZGVF_Default_StepLine" />
		</Frames>
		<Scripts>
			<OnDragStart> if not ZygorGuidesViewer.db.profile["windowlocked"] then ZygorGuidesViewerFrameMaster:StartMoving() ZygorGuidesViewer.framemoving=true end </OnDragStart>
			<OnDragStop> ZygorGuidesViewerFrameMaster:StopMovingOrSizing() ZygorGuidesViewer:AlignFrame() ZGV.framemoving=nil </OnDragStop>
		</Scripts>
		<!-- step mouse highlight, just in case we need it some day -->
		<!--
		<Layers>
			<Layer level="HIGHLIGHT">
				<Texture name="$parentHilite" parentKey="hilite" setallpoints="true">
					<Color r="1" g="1" b="1" a="1" />
				</Texture>
			</Layer>
		</Layers>
		-->
	</Button>

	<Frame name="ZGVF_Default_SpotLine" virtual="true">
		<Frames>
			<!-- <Button name="$parentClicker" hidden="false" frameStrata="LOW" parentKey="clicker" /> -->
			<SimpleHTML name="$parentLabel" qinherits="" parentKey="label" />
		</Frames>
		<Layers>
			<Layer level="ARTWORK">
				<Texture name="$parentIcon" inherits="ZGVF_Default_StepLineIcon" hidden="true" parentKey="icon" />
			</Layer>
		</Layers>
	</Frame>

	<Button name="ZGVF_Default_Spot" virtual="true" hidden="true" movable="true" enableMouse="false">
		<Frames>
			<Frame name="$parent_Line1" inherits="ZGVF_Default_SpotLine" />
			<Frame name="$parent_Line2" inherits="ZGVF_Default_SpotLine" />
			<Frame name="$parent_Line3" inherits="ZGVF_Default_SpotLine" />
			<Frame name="$parent_Line4" inherits="ZGVF_Default_SpotLine" />
			<Frame name="$parent_Line5" inherits="ZGVF_Default_SpotLine" />
			<Frame name="$parent_Line6" inherits="ZGVF_Default_SpotLine" />
			<Frame name="$parent_Line7" inherits="ZGVF_Default_SpotLine" />
			<Frame name="$parent_Line9" inherits="ZGVF_Default_SpotLine" />
			<Frame name="$parent_Line8" inherits="ZGVF_Default_SpotLine" />
			<Frame name="$parent_Line10" inherits="ZGVF_Default_SpotLine" />
			<Frame name="$parent_Line11" inherits="ZGVF_Default_SpotLine" />
			<Frame name="$parent_Line12" inherits="ZGVF_Default_SpotLine" />
			<Frame name="$parent_Line13" inherits="ZGVF_Default_SpotLine" />
			<Frame name="$parent_Line14" inherits="ZGVF_Default_SpotLine" />
			<Frame name="$parent_Line15" inherits="ZGVF_Default_SpotLine" />
			<Frame name="$parent_Line16" inherits="ZGVF_Default_SpotLine" />
			<Frame name="$parent_Line17" inherits="ZGVF_Default_SpotLine" />
			<Frame name="$parent_Line18" inherits="ZGVF_Default_SpotLine" />
			<Frame name="$parent_Line19" inherits="ZGVF_Default_SpotLine" />
			<Frame name="$parent_Line20" inherits="ZGVF_Default_SpotLine" />
	    </Frames>
		<Layers>
			<Layer level="ARTWORK">
				<Texture name="$parent_Arrow" parentKey="arrow" >
					<Size x="30" y="30"/>
					<Anchors>
						<Anchor point="TOPLEFT" relativePoint="TOPLEFT"></Anchor>
					</Anchors>
				</Texture>
				<FontString name="$parent_ArrowDist" inherits="GameFontNormalSmall" text="" justifyH="CENTER" justifyV="TOP" parentKey="arrowdist">
				<!-- multilineIndent="true" -->
					<Anchors>
						<Anchor point="TOPLEFT" relativePoint="BOTTOMLEFT" relativeTo="$parent_Arrow" />
						<Anchor point="TOPRIGHT" relativePoint="BOTTOMRIGHT" relativeTo="$parent_Arrow" />
					</Anchors>
					<Color r="1.0" g="1.0" b="1.0"/>
				</FontString>
			</Layer>
		</Layers>
		<Scripts>
			<OnDragStart> if not ZygorGuidesViewer.db.profile["windowlocked"] then ZygorGuidesViewerFrameMaster:StartMoving() ZygorGuidesViewer.framemoving=true end </OnDragStart>
			<OnDragStop> ZygorGuidesViewerFrameMaster:StopMovingOrSizing() ZygorGuidesViewer:AlignFrame() ZGV.framemoving=nil </OnDragStop>
		</Scripts>
	</Button>
	
	<Button name="ZGVF_Default_Tab" qinherits="UIPanelButtonTemplate" virtual="true" hidden="true">
		<Size x="40" y="15" />
		<NormalFont style="GameFontNormalSmall"/>
		<HighlightFont style="GameFontHighlightSmall"/>
		<HighlightTexture inherits="UIPanelButtonHighlightTexture"/>
	</Button>


	<Button name="ZygorGuidesViewer_Default_Button" virtual="true">
	  <Size x="40" y="20"/>
		<Layers>
			<Layer level="BACKGROUND">
				<Texture name="$parent_BGLeft" parentKey="bgleft" >
					<Size x="10" y="20"/>
					<Anchors><Anchor point="LEFT"></Anchor></Anchors>
				</Texture>
				<Texture name="$parent_BGRight" parentKey="bgright" >
					<Size x="10" y="20"/>
					<Anchors><Anchor point="RIGHT"></Anchor></Anchors>
				</Texture>
				<Texture name="$parent_BGMid" parentKey="bgmid" >
					<Size x="10" y="20"/>
					<Anchors><Anchor point="CENTER"></Anchor></Anchors>
				</Texture>
			</Layer>
			<Layer level="HIGHLIGHT">
				<Texture name="$parent_BGHigh" parentKey="high" setAllPoints="true" />
			</Layer>
			<Layer level="ARTWORK">
				<Texture name="$parent_Icon" parentKey="icon" >
					<Size x="20" y="20"/>
					<Anchors><Anchor point="CENTER"></Anchor></Anchors>
				</Texture>
				<!--
				<FontString name="$parent_Text" inherits="GameFontNormalSmall" text="" justifyH="CENTER" justifyV="CENTER" parentKey="text" setAllPoints="true">
					<Anchors><Anchor point="CENTER"></Anchor></Anchors>
					<Color r="1.0" g="1.0" b="1.0"/>
				</FontString>
				-->
			</Layer>
		</Layers>
		<ButtonText name="$parentText" parentKey="text" />
		<NormalFont style="GameFontHighlight"/>
		<HighlightFont style="GameFontHighlight"/>
		<DisabledFont style="GameFontDisable"/>
	  <Scripts>
		 <OnMouseDown>
			if not self:IsEnabled() then return end
			self.bgleft:SetTexCoord(0,0.245,0.51,0.99)
			self.bgright:SetTexCoord(0.255,0.495,0.51,0.99)
			self.bgmid:SetTexCoord(0.570,0.930,0.51,0.99)
		 </OnMouseDown>/
		 <OnEnter>
			if not self:IsEnabled() then return end
		   local tip = self:GetAttribute("tooltip")
			if tip then
			   local tip2 = self:GetAttribute("tooltip2")
				GameTooltip:SetOwner(self, "ANCHOR_TOPRIGHT")
				GameTooltip:SetText(tip)
				if tip2 then  GameTooltip:AddLine(tip2,0,1,0)  end
				GameTooltip:Show()
			end
		 </OnEnter>
		 <OnLeave>
			if not self:IsEnabled() then return end
			self.bgleft:SetTexCoord(0,0.245,0.01,0.49)
			self.bgright:SetTexCoord(0.255,0.495,0.01,0.49)
			self.bgmid:SetTexCoord(0.570,0.930,0.01,0.49)
			GameTooltip:Hide()
		 </OnLeave>
		 <OnMouseUp>
			self:GetScript("OnLeave")(self)
		 </OnMouseUp>
		 <OnLoad>
			self.origSetSize = self.SetSize
			self.SetSize = function(self,w,h)
				if w&lt;h then w=h end
				self:origSetSize(w,h)
				self.bgleft:SetSize(h/2,h)
				self.bgright:SetSize(h/2,h)
				if w>h then self.bgmid:SetSize(w-h,h) self.bgmid:Show() else self.bgmid:Hide() end
			end
			self.bgleft:SetTexture(ZGV.SkinDir.."button")
			self.bgright:SetTexture(ZGV.SkinDir.."button")
			self.bgmid:SetTexture(ZGV.SkinDir.."button")
			self:GetScript("OnLeave")(self)
			self:SetPushedTextOffset(0,-1)
			self.text:SetPoint("CENTER",self,"CENTER",0,1)
		 </OnLoad>
	  </Scripts>
	</Button>


	
	<!--
	<CheckButton name="ZGVMFAction" inherits="ActionBarButtonTemplate" virtual="true">
		<Attributes>
			<Attribute name="type" value="action"/>
			<Attribute name="action" type="number" value="13"/>
			<Attribute name="unit" value="player"/>
		</Attribute>
	</CheckButton>
	-->


			<Frame name="ZygorGuidesViewerFrame_template_default" toplevel="true" hidden="true" frameStrata="LOW" resizable="true" clampedToScreen="true" virtual="true">
				<Anchors><Anchor point="CENTER" relativePoint="CENTER" /></Anchors>
				<Size x="320" y="100"/>
				<Animations>
					<AnimationGroup name="$parent_slideup">
						<Translation duration="0.0" maxFramerate="30" smoothing="NONE" offsetX="0" offsetY="-50" order="1"></Translation>
						<Translation duration="0.3" maxFramerate="30" smoothing="IN_OUT" offsetX="0" offsetY="50" order="2"></Translation>
					</AnimationGroup>
					<AnimationGroup name="$parent_size">
						<Animation duration="0.5" maxFramerate="30" smoothing="IN_OUT">
							<Scripts>
								<OnPlay>
									self.frame = self:GetParent():GetParent()
									if self.frame.curheight then self.frame.height=self.frame.curheight end
									self.frame.height = self.frame:GetHeight()
								</OnPlay>
								<OnUpdate>
									self.frame.curheight = self.frame.height+self:GetSmoothProgress()*(self.frame.targetheight-self.frame.height)
									self.frame:SetHeight(self.frame.curheight)
									print("update "..self:GetProgress())
								</OnUpdate>
								<OnFinished>
									self.frame.height=self.frame.targetheight
									print("finish")
								</OnFinished>
							</Scripts>
						</Animation>
					</AnimationGroup>
				</Animations>

				<Scripts>
					<OnEvent function="ZygorGuidesViewerFrame_OnEvent" />
					<OnLoad function="ZygorGuidesViewerFrame_OnLoad" />
					<OnShow function="ZygorGuidesViewerFrame_OnShow" />
					<OnHide function="ZygorGuidesViewerFrame_OnHide" />
					<OnSizeChanged function="ZygorGuidesViewerFrame_OnSize" />
					<OnUpdate function="ZygorGuidesViewerFrame_OnUpdate" />
					<OnMouseWheel function="ZygorGuidesViewerFrame_OnMouseWheel" />
					<OnKeyDown function="ZygorGuidesViewerFrame_OnKeyDown" />
					<OnKeyUp function="ZygorGuidesViewerFrame_OnKeyUp" />
				</Scripts>

				<Frames>
					<Button name="ZygorGuidesViewerFrame_FakeStep" inherits="ZGVF_Default_Step" />

					<Frame setAllPoints="true">
						<Layers>
							<Layer level="OVERLAY">
								<FontString name="ZygorGuidesViewerFrame_MissingText" inherits="GameFontNormalSmall" text="" justifyH="CENTER" justifyV="TOP">
									<Anchors>
										<Anchor point="TOPLEFT" relativePoint="TOPLEFT"><Offset x="5" y="-70"/></Anchor>
										<Anchor point="TOPRIGHT" relativePoint="TOPRIGHT"><Offset x="-5" y="-70"/></Anchor>
										<Anchor point="BOTTOM" relativePoint="BOTTOM"><Offset x="0" y="5"/></Anchor>
									</Anchors>
								</FontString>
							</Layer>
						</Layers>

						<Frames>
							<Button name="ZygorGuidesViewerFrame_Step1" inherits="ZGVF_Default_Step" />
							<Button name="ZygorGuidesViewerFrame_Step2" inherits="ZGVF_Default_Step" />
							<Button name="ZygorGuidesViewerFrame_Step3" inherits="ZGVF_Default_Step" />
							<Button name="ZygorGuidesViewerFrame_Step4" inherits="ZGVF_Default_Step" />
							<Button name="ZygorGuidesViewerFrame_Step5" inherits="ZGVF_Default_Step" />
							<Button name="ZygorGuidesViewerFrame_Step6" inherits="ZGVF_Default_Step" />
							<Button name="ZygorGuidesViewerFrame_Step7" inherits="ZGVF_Default_Step" />
							<Button name="ZygorGuidesViewerFrame_Step8" inherits="ZGVF_Default_Step" />
							<Button name="ZygorGuidesViewerFrame_Step9" inherits="ZGVF_Default_Step" />
							<Button name="ZygorGuidesViewerFrame_Step10" inherits="ZGVF_Default_Step" />
							<Button name="ZygorGuidesViewerFrame_Step11" inherits="ZGVF_Default_Step" />
							<Button name="ZygorGuidesViewerFrame_Step12" inherits="ZGVF_Default_Step" />
							<Button name="ZygorGuidesViewerFrame_Step13" inherits="ZGVF_Default_Step" />
							<Button name="ZygorGuidesViewerFrame_Step14" inherits="ZGVF_Default_Step" />
							<Button name="ZygorGuidesViewerFrame_Step15" inherits="ZGVF_Default_Step" />
							<Button name="ZygorGuidesViewerFrame_Step16" inherits="ZGVF_Default_Step" />
							<Button name="ZygorGuidesViewerFrame_Step17" inherits="ZGVF_Default_Step" />
							<Button name="ZygorGuidesViewerFrame_Step18" inherits="ZGVF_Default_Step" />
							<Button name="ZygorGuidesViewerFrame_Step19" inherits="ZGVF_Default_Step" />
							<Button name="ZygorGuidesViewerFrame_Step20" inherits="ZGVF_Default_Step" />

							<Button name="ZygorGuidesViewerFrame_Spot1" inherits="ZGVF_Default_Spot" />
							<Button name="ZygorGuidesViewerFrame_Spot2" inherits="ZGVF_Default_Spot" />
							<Button name="ZygorGuidesViewerFrame_Spot3" inherits="ZGVF_Default_Spot" />
							<Button name="ZygorGuidesViewerFrame_Spot4" inherits="ZGVF_Default_Spot" />
							<Button name="ZygorGuidesViewerFrame_Spot5" inherits="ZGVF_Default_Spot" />
							<Button name="ZygorGuidesViewerFrame_Spot6" inherits="ZGVF_Default_Spot" />
							<Button name="ZygorGuidesViewerFrame_Spot7" inherits="ZGVF_Default_Spot" />
							<Button name="ZygorGuidesViewerFrame_Spot8" inherits="ZGVF_Default_Spot" />
							<Button name="ZygorGuidesViewerFrame_Spot9" inherits="ZGVF_Default_Spot" />
							<Button name="ZygorGuidesViewerFrame_Spot10" inherits="ZGVF_Default_Spot" />
							<Button name="ZygorGuidesViewerFrame_Spot11" inherits="ZGVF_Default_Spot" />
							<Button name="ZygorGuidesViewerFrame_Spot12" inherits="ZGVF_Default_Spot" />
							<Button name="ZygorGuidesViewerFrame_Spot13" inherits="ZGVF_Default_Spot" />
							<Button name="ZygorGuidesViewerFrame_Spot14" inherits="ZGVF_Default_Spot" />
							<Button name="ZygorGuidesViewerFrame_Spot15" inherits="ZGVF_Default_Spot" />
							<Button name="ZygorGuidesViewerFrame_Spot16" inherits="ZGVF_Default_Spot" />
							<Button name="ZygorGuidesViewerFrame_Spot17" inherits="ZGVF_Default_Spot" />
							<Button name="ZygorGuidesViewerFrame_Spot18" inherits="ZGVF_Default_Spot" />
							<Button name="ZygorGuidesViewerFrame_Spot19" inherits="ZGVF_Default_Spot" />
							<Button name="ZygorGuidesViewerFrame_Spot20" inherits="ZGVF_Default_Spot" />
						</Frames>
					</Frame>
					
					<Frame name="$parent_Border" hidden="true" parentKey="Border" setAllPoints="true">

						<Frames>

							<Frame name="$parent_TitleBar" parentKey="TitleBar">
								<Size x="150" y="30"/>
								<Anchors>
									<Anchor point="TOPLEFT" relativePoint="TOPLEFT"><Offset x="0" y="0"/></Anchor>
									<Anchor point="TOPRIGHT" relativePoint="TOPRIGHT"><Offset x="0" y="0"/></Anchor>
								</Anchors>
								<Scripts>
									<!--
									<OnEnter> print("title over") ZygorGuidesViewerFrame_Border_GuideButton_in:Play()</OnEnter>
									<OnLeave> print("title out") ZygorGuidesViewerFrame_Border_GuideButton_out:Play()</OnLeave>
									-->
									<OnDragStart> if not ZygorGuidesViewer.db.profile["windowlocked"] then if button=='LeftButton' then ZygorGuidesViewerFrameMaster:StartMoving() ZygorGuidesViewer.framemoving=true else ZygorGuidesViewer:SetOption("Display","resizeup") end end </OnDragStart>
									<OnDragStop> ZygorGuidesViewerFrameMaster:StopMovingOrSizing() ZygorGuidesViewer:AlignFrame() ZGV.framemoving=nil </OnDragStop>
									<OnLoad> self:RegisterForDrag("LeftButton") </OnLoad>
								</Scripts>

								<Layers>
									<Layer level="ARTWORK">
										<Texture name="$parent_Logo" parentKey="Logo" file="Interface\Store\store-item-highlight">
											<Size x="120" y="30"/>
											<Anchors>
												<Anchor point="CENTER" relativePoint="CENTER"></Anchor>
											</Anchors>
											<!-- <TexCoords left="0.8198" right="0.9087" top="0.7627" bottom="0.9404"/> -->
										</Texture>
										<FontString name="ZygorGuidesViewerFrame_DevLabel" inherits="GameFontNormalSmall" text="DEV" justifyH="CENTER" justifyV="CENTER" hidden="1">
											<Size x="50" y="20" />
											<Anchors>
												<Anchor point="LEFT" relativePoint="RIGHT" relativeTo="$parent_Logo" />
											</Anchors>
											<Color r="1.0" g="1.0" b="1.0"/>
										</FontString>
									</Layer>
								</Layers>

								 <Frames>      
									<Button name="ZygorGuidesViewerFrame_SearchButton" parentKey="SearchButton">
										<Size x="20" y="20"/>
										<Anchors><Anchor point="CENTER" relativePoint="LEFT"><Offset x="15" y="0"/><!-- 35 --></Anchor></Anchors>
										<NormalTexture    parentKey="ntx" file=""                />
										<PushedTexture    parentKey="ptx" file=""                />
										<HighlightTexture parentKey="htx" file="" alphaMode="ADD"/>
										<Scripts>
											<OnClick function="ZygorGuidesViewerFrame_SearchButton_OnClick" />
											<OnEnter function="ZygorGuidesViewerFrame_SearchButton_OnEnter" />
											<OnLeave function="ZygorGuidesViewerFrame_HideTooltip" />
										</Scripts>
										<Scripts>
											<OnLoad> self:RegisterForClicks("LeftButtonUp","RightButtonUp") 
											self:RegisterForDrag("LeftButton") </OnLoad>
											<OnDragStart> if not ZygorGuidesViewer.db.profile["windowlocked"] then if button=='LeftButton' then ZygorGuidesViewerFrameMaster:StartMoving() ZygorGuidesViewer.framemoving=true else ZygorGuidesViewer:SetOption("Display","resizeup") end end </OnDragStart>
											<OnDragStop> ZygorGuidesViewerFrameMaster:StopMovingOrSizing() ZygorGuidesViewer:AlignFrame() ZGV.framemoving=nil </OnDragStop>
										</Scripts>
									</Button>								 
									<Button name="ZygorGuidesViewerFrame_HelpButton" parentKey="HelpButton" hidden="true">
									  <Size x="20" y="20"/>
										<Anchors><Anchor point="CENTER" relativePoint="LEFT"><Offset x="38" y="0"/><!-- 35 --></Anchor></Anchors>
									  <NormalTexture    parentKey="ntx" file=""                />
									  <PushedTexture    parentKey="ptx" file=""                />
									  <HighlightTexture parentKey="htx" file="" alphaMode="ADD"/>
									  <Scripts>
										 <OnClick function="ZygorGuidesViewerFrame_HelpButton_OnClick" />
										 <OnEnter function="ZygorGuidesViewerFrame_HelpButton_OnEnter" />
										 <OnLeave function="ZygorGuidesViewerFrame_HideTooltip" />
									  </Scripts>
									  <Scripts>
										 <OnLoad> self:Show() self:RegisterForClicks("LeftButtonUp","RightButtonUp")
										self:RegisterForDrag("LeftButton") </OnLoad>
										<OnDragStart> if not ZygorGuidesViewer.db.profile["windowlocked"] then if button=='LeftButton' then ZygorGuidesViewerFrameMaster:StartMoving() ZygorGuidesViewer.framemoving=true else ZygorGuidesViewer:SetOption("Display","resizeup") end end </OnDragStart>
										<OnDragStop> ZygorGuidesViewerFrameMaster:StopMovingOrSizing() ZygorGuidesViewer:AlignFrame() ZGV.framemoving=nil </OnDragStop>
									  </Scripts>
									</Button>

									<Button name="ZygorGuidesViewerFrame_ReportButton" parentKey="ReportButton" hidden="true">
									  <Size x="20" y="20"/>
										<Anchors>
											<Anchor point="CENTER" relativePoint="RIGHT"><Offset x="-55" y="0"/></Anchor>
										</Anchors>
									  <NormalTexture    parentKey="ntx" file=""                />
									  <PushedTexture    parentKey="ptx" file=""                />
									  <HighlightTexture parentKey="htx" file="" alphaMode="ADD"/>
									  <Scripts>
										 <OnClick function="ZygorGuidesViewerFrame_ReportButton_OnClick" />
										 <OnEnter function="ZygorGuidesViewerFrame_ReportButton_OnEnter" />
										 <OnLeave function="ZygorGuidesViewerFrame_HideTooltip" />
									  </Scripts>
									  <Scripts>
										 <OnLoad> if (ZGV.DEV or ZGV.BETA) and ZGV.db.profile.reportbutton then self:Show() end  self:RegisterForClicks("LeftButtonUp","RightButtonUp") 
										self:RegisterForDrag("LeftButton") </OnLoad>
										<OnDragStart> if not ZygorGuidesViewer.db.profile["windowlocked"] then if button=='LeftButton' then ZygorGuidesViewerFrameMaster:StartMoving() ZygorGuidesViewer.framemoving=true else ZygorGuidesViewer:SetOption("Display","resizeup") end end </OnDragStart>
										<OnDragStop> ZygorGuidesViewerFrameMaster:StopMovingOrSizing() ZygorGuidesViewer:AlignFrame() ZGV.framemoving=nil </OnDragStop>
									  </Scripts>
									</Button>

									<Frame name="ZygorGuidesViewerFrame_Loading" parentKey="Loading" inherits="ZygorQuestsLoadingIcon">
										<Size x="20" y="20"/>
										<Anchors><Anchor point="CENTER" relativePoint="LEFT"><Offset x="55" y="0"/></Anchor></Anchors>
									</Frame>

									<Button name="ZygorGuidesViewerFrame_LockButton" parentKey="LockButton">
									  <Size x="20" y="20"/>
										<Anchors><Anchor point="CENTER" relativePoint="RIGHT"><Offset x="-35" y="0"/></Anchor></Anchors>
									  <NormalTexture    parentKey="ntx" file=""                />
									  <PushedTexture    parentKey="ptx" file=""                />
									  <HighlightTexture parentKey="htx" file="" alphaMode="ADD"/>
									  <Scripts>
										 <OnClick function="ZygorGuidesViewerFrame_LockButton_OnClick" />
										 <OnEnter function="ZygorGuidesViewerFrame_LockButton_OnEnter" />
										 <OnLeave function="ZygorGuidesViewerFrame_HideTooltip" />
										<OnLoad>self:RegisterForDrag("LeftButton") </OnLoad>
										<OnDragStart> if not ZygorGuidesViewer.db.profile["windowlocked"] then if button=='LeftButton' then ZygorGuidesViewerFrameMaster:StartMoving() ZygorGuidesViewer.framemoving=true else ZygorGuidesViewer:SetOption("Display","resizeup") end end </OnDragStart>
										<OnDragStop> ZygorGuidesViewerFrameMaster:StopMovingOrSizing() ZygorGuidesViewer:AlignFrame() ZGV.framemoving=nil </OnDragStop>
									  </Scripts>
									</Button>									

									<Button name="ZygorGuidesViewerFrame_CloseButton" inherits="UIPanelCloseButton" parentKey="CloseButton">
									  <Size x="20" y="20"/>
										<Anchors><Anchor point="CENTER" relativePoint="RIGHT"><Offset x="-15" y="0"/></Anchor></Anchors>
									  <Scripts>
										 <OnClick function="ZygorGuidesViewerFrame_CloseButton_OnClick" />
										<OnLoad>self:RegisterForDrag("LeftButton") </OnLoad>
										<OnDragStart> if not ZygorGuidesViewer.db.profile["windowlocked"] then if button=='LeftButton' then ZygorGuidesViewerFrameMaster:StartMoving() ZygorGuidesViewer.framemoving=true else ZygorGuidesViewer:SetOption("Display","resizeup") end end </OnDragStart>
										<OnDragStop> ZygorGuidesViewerFrameMaster:StopMovingOrSizing() ZygorGuidesViewer:AlignFrame() ZGV.framemoving=nil </OnDragStop>
									  </Scripts>
									  <NormalTexture    parentKey="ntx" file=""				   />
									  <PushedTexture    parentKey="ptx" file=""                />
									  <HighlightTexture parentKey="htx" file="" alphaMode="ADD"/>
									</Button>

								 </Frames>
							</Frame>
								
							<Button name="ZygorGuidesViewerFrame_SettingsButton" parentKey="SettingsButton">
								<Size x="20" y="20"/>
								<Anchors><Anchor point="BOTTOMRIGHT" relativePoint="BOTTOMRIGHT"><Offset x="-5" y="5"/><!-- 35 --></Anchor></Anchors>
								<NormalTexture    parentKey="ntx" file=""                />
								<PushedTexture    parentKey="ptx" file=""                />
								<HighlightTexture parentKey="htx" file="" alphaMode="ADD"/>
								<Scripts>
									<OnClick function="ZygorGuidesViewerFrame_SettingsButton_OnClick" />
									<OnEnter function="ZygorGuidesViewerFrame_SettingsButton_OnEnter" />
									<OnLeave function="ZygorGuidesViewerFrame_HideTooltip" />
								</Scripts>
								<Scripts>
									<OnLoad> self:RegisterForClicks("LeftButtonUp","RightButtonUp") 
									self:RegisterForDrag("LeftButton")</OnLoad>
									<OnDragStart> if not ZygorGuidesViewer.db.profile["windowlocked"] then if button=='LeftButton' then ZygorGuidesViewerFrameMaster:StartMoving() ZygorGuidesViewer.framemoving=true else ZygorGuidesViewer:SetOption("Display","resizeup") end end </OnDragStart>
									<OnDragStop> ZygorGuidesViewerFrameMaster:StopMovingOrSizing() ZygorGuidesViewer:AlignFrame() ZGV.framemoving=nil </OnDragStop>
								</Scripts>
							</Button>
              <Button name="$parentTab1" parentKey="Tab1" inherits="ZGVF_Default_Tab" />
              <Button name="$parentTab2" parentKey="Tab2" inherits="ZGVF_Default_Tab" />
              <Button name="$parentTab3" parentKey="Tab3" inherits="ZGVF_Default_Tab" />
              <Button name="$parentTab4" parentKey="Tab4" inherits="ZGVF_Default_Tab" />

              <Frame name="$parent_Guides" parentKey="Guides">
                <Size x="20" y="20"/>
				
                <Frames>
					<Frame name="$parent_GuideBack">
						<Size x="1" y="1"/>
						<Layers>
							<Layer level="OVERLAY">
								<FontString name="$parent_SectionTitle" inherits="GameFontSmall" justifyH="LEFT" justifyV="CENTER">
									<Size x="145" y="20"/>
									<Anchors>
										<Anchor point="LEFT" relativePoint="LEFT">
											<Offset x="4" y="0"/>
										</Anchor>
										<Anchor point="RIGHT" relativePoint="RIGHT">
											<Offset x="-30" y="0"/>
										</Anchor>
									</Anchors>
								</FontString>
							</Layer>
						</Layers>
					</Frame>	
                  <Button name="$parent_GuideButton" text="v" parentKey="GuideButton">
                    <Anchors>
                      <Anchor point="CENTER" relativePoint="RIGHT"><Offset x="-62" y="0"/></Anchor>
                    </Anchors>
                    <Size x="20" y="20"/>
                    <Scripts>
                      <OnClick function="ZygorGuidesViewerFrame_Guides_GuideButton_OnClick" />
                      <OnEnter function="ZygorGuidesViewerFrame_Guides_GuideButton_OnEnter" />
                      <OnLeave function="ZygorGuidesViewerFrame_HideTooltip" />
                      <OnLoad> self:RegisterForClicks("LeftButtonUp","RightButtonUp") </OnLoad>
                    </Scripts>
                  </Button>

                  <Button name="$parent_MiniButton" parentKey="MiniButton">
                    <Size x="20" y="20"/>
                    <Anchors>
                      <Anchor point="CENTER" relativePoint="RIGHT"><Offset x="-15" y="0"/></Anchor>
                    </Anchors>
                    <NormalTexture    parentKey="ntx" file=""                />
                    <PushedTexture    parentKey="ptx" file=""                />
                    <HighlightTexture parentKey="htx" file="" alphaMode="ADD"/>
                    <Scripts>
                      <OnClick function="ZygorGuidesViewerFrame_Guides_MiniButton_OnClick" />
                      <OnEnter function="ZygorGuidesViewerFrame_Guides_MiniButton_OnEnter" />
                      <OnLeave function="ZygorGuidesViewerFrame_HideTooltip" />
                      <OnLoad> self:RegisterForClicks("LeftButtonUp","RightButtonUp") 
                      self:RegisterForDrag("LeftButton")</OnLoad>
			<OnDragStart> if not ZygorGuidesViewer.db.profile["windowlocked"] then if button=='LeftButton' then ZygorGuidesViewerFrameMaster:StartMoving() ZygorGuidesViewer.framemoving=true else ZygorGuidesViewer:SetOption("Display","resizeup") end end </OnDragStart>
			<OnDragStop> ZygorGuidesViewerFrameMaster:StopMovingOrSizing() ZygorGuidesViewer:AlignFrame() ZGV.framemoving=nil </OnDragStop>
                    </Scripts>
                  </Button>

                  <Button name="$parent_QuestCleanupButton" parentKey="QuestCleanupButton">
                    <Size x="20" y="20"/>
                    <Anchors>
                      <Anchor point="CENTER" relativeTo="$parent_MiniButton"><Offset x="-21" y="0"/></Anchor>
                    </Anchors>
                    <NormalTexture    parentKey="ntx" file=""                />
                    <PushedTexture    parentKey="ptx" file=""                />
                    <HighlightTexture parentKey="htx" file="" alphaMode="ADD"/>
                    <Scripts>
                      <OnClick function="ZygorGuidesViewerFrame_Guides_QuestCleanupButton_OnClick" />
                      <OnEnter function="ZygorGuidesViewerFrame_Guides_QuestCleanupButton_OnEnter" />
                      <OnLeave function="ZygorGuidesViewerFrame_HideTooltip" />
			<OnDragStart> if not ZygorGuidesViewer.db.profile["windowlocked"] then if button=='LeftButton' then ZygorGuidesViewerFrameMaster:StartMoving() ZygorGuidesViewer.framemoving=true else ZygorGuidesViewer:SetOption("Display","resizeup") end end </OnDragStart>
			<OnDragStop> ZygorGuidesViewerFrameMaster:StopMovingOrSizing() ZygorGuidesViewer:AlignFrame() ZGV.framemoving=nil </OnDragStop>
			<OnLoad> self:RegisterForDrag("LeftButton") </OnLoad>
                    </Scripts>
                  </Button>

                  <Button name="$parent_PrevButton" parentKey="PrevButton">
                    <Size x="20" y="20"/>
                    <Anchors>
                      <Anchor point="CENTER" relativePoint="LEFT"><Offset x="17" y="0"/></Anchor>
                    </Anchors>
                    <NormalTexture    parentKey="ntx" file=""                />
                    <PushedTexture    parentKey="ptx" file=""                />
                    <HighlightTexture parentKey="htx" file="" alphaMode="ADD"/>
                    <Scripts>
                      <OnClick function="ZygorGuidesViewerFrame_PrevButton_OnClick" />
                      <OnEnter function="ZygorGuidesViewerFrame_PrevButton_OnEnter" />
                      <OnLeave function="ZygorGuidesViewerFrame_HideTooltip" />
			<OnDragStart> if not ZygorGuidesViewer.db.profile["windowlocked"] then if button=='LeftButton' then ZygorGuidesViewerFrameMaster:StartMoving() ZygorGuidesViewer.framemoving=true else ZygorGuidesViewer:SetOption("Display","resizeup") end end </OnDragStart>
			<OnDragStop> ZygorGuidesViewerFrameMaster:StopMovingOrSizing() ZygorGuidesViewer:AlignFrame() ZGV.framemoving=nil </OnDragStop>
			<OnLoad> self:RegisterForDrag("LeftButton") </OnLoad>
                    </Scripts>
                  </Button>
                      
                  <Frame name="$parent_StepNum" parentKey="StepNum">
                    <Size x="24" y="20"/>
                    <Anchors>
                      <Anchor point="LEFT" relativeTo="$parent_PrevButton" relativePoint="RIGHT"><Offset x="-1" y="0"/></Anchor>
                    </Anchors>
                    <Layers>
                      <Layer level="OVERLAY">
                        <FontString name="$parent_Step" inherits="GameFontHighlightSmall" justifyH="CENTER" justifyV="MIDDLE" text=""  parentKey="Step" setAllPoints="true">
                          <Size x="25" y="14"/>
                        </FontString>
                      </Layer>
                    </Layers>
                    <Scripts>
                      <OnLoad> self:EnableMouseWheel()
                      self:RegisterForDrag("LeftButton") </OnLoad>
                      <OnMouseWheel function="ZygorGuidesViewerFrame_Stepnum_OnMouseWheel" />
			<OnDragStart> if not ZygorGuidesViewer.db.profile["windowlocked"] then if button=='LeftButton' then ZygorGuidesViewerFrameMaster:StartMoving() ZygorGuidesViewer.framemoving=true else ZygorGuidesViewer:SetOption("Display","resizeup") end end </OnDragStart>
			<OnDragStop> ZygorGuidesViewerFrameMaster:StopMovingOrSizing() ZygorGuidesViewer:AlignFrame() ZGV.framemoving=nil </OnDragStop>
                    </Scripts>
                  </Frame>

                  <Button name="$parent_NextButton" parentKey="NextButton">
                    <Size x="20" y="20"/>
                    <Anchors>
                      <Anchor point="LEFT" relativeTo="$parent_StepNum" relativePoint="RIGHT"><Offset x="-1" y="0"/></Anchor>
                    </Anchors>
                    <NormalTexture    parentKey="ntx" file=""                />
                    <PushedTexture    parentKey="ptx" file=""                />
                    <HighlightTexture parentKey="htx" file="" alphaMode="ADD"/>
                    <Scripts>
                      <OnClick function="ZygorGuidesViewerFrame_NextButton_OnClick" />
                      <OnEnter function="ZygorGuidesViewerFrame_NextButton_OnEnter" />
                      <OnLeave function="ZygorGuidesViewerFrame_HideTooltip" />
			<OnDragStart> if not ZygorGuidesViewer.db.profile["windowlocked"] then if button=='LeftButton' then ZygorGuidesViewerFrameMaster:StartMoving() ZygorGuidesViewer.framemoving=true else ZygorGuidesViewer:SetOption("Display","resizeup") end end </OnDragStart>
			<OnDragStop> ZygorGuidesViewerFrameMaster:StopMovingOrSizing() ZygorGuidesViewer:AlignFrame() ZGV.framemoving=nil </OnDragStop>
			<OnLoad> self:RegisterForDrag("LeftButton") </OnLoad>
		    </Scripts>
                  </Button>

					 </Frames>
              </Frame>

              <Frame name="$parent_Gold" parentKey="Gold">
                <Size x="20" y="20"/>

                <Layers>
                  <Layer level="BACKGROUND">
							<Texture name="$parent_FilterBack" parentKey="FilterBack" file="">
								<Size x="120" y="20"/>
								<Anchors><Anchor point="LEFT" relativePoint="LEFT"><Offset x="55" y="0"/></Anchor></Anchors>
								<!-- <TexCoords left="0.8198" right="0.9087" top="0.7627" bottom="0.9404"/> -->
							</Texture>
							<Texture name="$parent_RangeBack" parentKey="RangeBack" file="">
								<Size x="120" y="20"/>
								<Anchors><Anchor point="LEFT" relativePoint="LEFT"><Offset x="105" y="0"/></Anchor></Anchors>
								<!-- <TexCoords left="0.8198" right="0.9087" top="0.7627" bottom="0.9404"/> -->
							</Texture>
						</Layer>
                  <Layer level="OVERLAY">
                    <FontString name="$parent_FilterTitle" inherits="GameFontSmall" justifyH="LEFT" justifyV="CENTER" text="Spots:">
                      <Size x="45" y="20"/>
							  <Anchors>
								 <Anchor point="LEFT" relativePoint="LEFT"><Offset x="5" y="0"/></Anchor>
							  </Anchors>
                    </FontString>
                    <FontString name="$parent_RangeTitle" inherits="GameFontSmall" justifyH="LEFT" justifyV="CENTER" text="Range:">
                      <Size x="45" y="20"/>
							  <Anchors>
								 <Anchor point="LEFT" relativePoint="LEFT"><Offset x="85" y="0"/></Anchor>
							  </Anchors>
                    </FontString>
                  </Layer>
                </Layers>

					<Frames>

						<Button name="$parent_FilterAllButton" parentKey="FilterAllButton">
                    <Size x="20" y="20"/>
                    <Anchors><Anchor point="CENTER" relativePoint="LEFT"><Offset x="55" y="0"/></Anchor></Anchors>
                    <NormalTexture    parentKey="ntx" file=""                />
                    <PushedTexture    parentKey="ptx" file=""                />
                    <HighlightTexture parentKey="htx" file="" alphaMode="ADD"/>
                    <Scripts>
                      <OnClick function="ZygorGuidesViewerFrame_Gold_FilterAllButton_OnClick" />
                      <OnEnter function="ZygorGuidesViewerFrame_Gold_FilterAllButton_OnEnter" />
                      <OnLeave function="ZygorGuidesViewerFrame_HideTooltip" />
                    </Scripts>
                  </Button>

						<Button name="$parent_FilterDropButton" parentKey="FilterDropButton">
                    <Size x="20" y="20"/>
                    <Anchors><Anchor point="LEFT" relativePoint="RIGHT" relativeTo="$parent_FilterAllButton" /></Anchors>
                    <NormalTexture    parentKey="ntx" file=""                />
                    <PushedTexture    parentKey="ptx" file=""                />
                    <HighlightTexture parentKey="htx" file="" alphaMode="ADD"/>
                    <Scripts>
                      <OnClick function="ZygorGuidesViewerFrame_Gold_FilterDropButton_OnClick" />
                      <OnEnter function="ZygorGuidesViewerFrame_Gold_FilterDropButton_OnEnter" />
                      <OnLeave function="ZygorGuidesViewerFrame_HideTooltip" />
                    </Scripts>
                  </Button>

						<Button name="$parent_FilterOreButton" parentKey="FilterOreButton">
                    <Size x="20" y="20"/>
                    <Anchors><Anchor point="LEFT" relativePoint="RIGHT" relativeTo="$parent_FilterDropButton" /></Anchors>
                    <NormalTexture    parentKey="ntx" file=""                />
                    <PushedTexture    parentKey="ptx" file=""                />
                    <HighlightTexture parentKey="htx" file="" alphaMode="ADD"/>
                    <Scripts>
                      <OnClick function="ZygorGuidesViewerFrame_Gold_FilterOreButton_OnClick" />
                      <OnEnter function="ZygorGuidesViewerFrame_Gold_FilterOreButton_OnEnter" />
                      <OnLeave function="ZygorGuidesViewerFrame_HideTooltip" />
                    </Scripts>
                  </Button>

						<Button name="$parent_FilterHerbButton" parentKey="FilterHerbButton">
                    <Size x="20" y="20"/>
                    <Anchors><Anchor point="LEFT" relativePoint="RIGHT" relativeTo="$parent_FilterOreButton" /></Anchors>
                    <NormalTexture    parentKey="ntx" file=""                />
                    <PushedTexture    parentKey="ptx" file=""                />
                    <HighlightTexture parentKey="htx" file="" alphaMode="ADD"/>
                    <Scripts>
                      <OnClick function="ZygorGuidesViewerFrame_Gold_FilterHerbButton_OnClick" />
                      <OnEnter function="ZygorGuidesViewerFrame_Gold_FilterHerbButton_OnEnter" />
                      <OnLeave function="ZygorGuidesViewerFrame_HideTooltip" />
                    </Scripts>
                  </Button>

						<Button name="$parent_FilterSkinButton" parentKey="FilterSkinButton">
                    <Size x="20" y="20"/>
                    <Anchors><Anchor point="LEFT" relativePoint="RIGHT" relativeTo="$parent_FilterHerbButton" /></Anchors>
                    <NormalTexture    parentKey="ntx" file=""                />
                    <PushedTexture    parentKey="ptx" file=""                />
                    <HighlightTexture parentKey="htx" file="" alphaMode="ADD"/>
                    <Scripts>
                      <OnClick function="ZygorGuidesViewerFrame_Gold_FilterSkinButton_OnClick" />
                      <OnEnter function="ZygorGuidesViewerFrame_Gold_FilterSkinButton_OnEnter" />
                      <OnLeave function="ZygorGuidesViewerFrame_HideTooltip" />
                    </Scripts>
                  </Button>

						<Button name="$parent_FilterBuyButton" parentKey="FilterBuyButton">
                    <Size x="20" y="20"/>
                    <Anchors><Anchor point="LEFT" relativePoint="RIGHT" relativeTo="$parent_FilterSkinButton" /></Anchors>
                    <NormalTexture    parentKey="ntx" file=""                />
                    <PushedTexture    parentKey="ptx" file=""                />
                    <HighlightTexture parentKey="htx" file="" alphaMode="ADD"/>
                    <Scripts>
                      <OnClick function="ZygorGuidesViewerFrame_Gold_FilterBuyButton_OnClick" />
                      <OnEnter function="ZygorGuidesViewerFrame_Gold_FilterBuyButton_OnEnter" />
                      <OnLeave function="ZygorGuidesViewerFrame_HideTooltip" />
                    </Scripts>
                  </Button>

						<Button name="$parent_RangeButton" parentKey="RangeButton">
                    <Size x="20" y="20"/>
                    <Anchors><Anchor point="LEFT" relativePoint="RIGHT" relativeTo="$parent_FilterBuyButton" /><Offset x="70" y="0"/></Anchors>
                    <NormalTexture    parentKey="ntx" file=""                />
                    <PushedTexture    parentKey="ptx" file=""                />
                    <HighlightTexture parentKey="htx" file="" alphaMode="ADD"/>
                    <Scripts>
                      <OnClick function="ZygorGuidesViewerFrame_Gold_FilterBuyButton_OnClick" />
                      <OnEnter function="ZygorGuidesViewerFrame_Gold_FilterBuyButton_OnEnter" />
                      <OnLeave function="ZygorGuidesViewerFrame_HideTooltip" />
                    </Scripts>
                  </Button>

					</Frames>
              </Frame>

              <Frame name="$parent_Flash" alpha="0.0" parentKey="Flash">
                <Anchors>
                  <Anchor point="TOPLEFT"/>
                  <Anchor point="BOTTOMRIGHT"/>
                </Anchors>
                <Frames>
                  <Frame parentKey="sub">
                    <Anchors>
                      <Anchor point="TOPLEFT"/>
                      <Anchor point="BOTTOMRIGHT"/>
                    </Anchors>

                    <Animations>
                      <AnimationGroup name="$parent_flash" parentKey="flash">
                        <Scripts>
                          <OnPlay>
                            self:GetParent():GetParent():SetAlpha(0.5)
                          </OnPlay>
                          <OnFinished>
                            self:GetParent():GetParent():SetAlpha(0)
                          </OnFinished>
                        </Scripts>
                        <Alpha name="$parent_flashPre" looping="NONE" duration="0" maxFramerate="30" change="-1" />
                        <Alpha name="$parent_flashIn" looping="NONE" duration="0.0" maxFramerate="30" smoothing="IN" change="1.0" />
                        <Alpha name="$parent_flashOut" looping="NONE" duration="1.0" maxFramerate="30" smoothing="OUT" change="-1.0" />
                      </AnimationGroup>
                    </Animations>

                    <Layers>
                    </Layers>
                  </Frame>
                </Frames>
              </Frame>

            </Frames>
					</Frame>

          <ScrollFrame name="$parent_Scroll" qinherits="FauxScrollFrameTemplate" hidden="true">
            <Anchors>
              <Anchor point="TOPLEFT">
                <Offset x="20" y="-65"/>
              </Anchor>
              <Anchor point="BOTTOMRIGHT">
                <Offset x="-20" y="10"/>
              </Anchor>
            </Anchors>

            <Frames>
              <Slider name="$parentScrollBar" inherits="UIPanelScrollBarTemplate">
                <Anchors>
                  <Anchor point="TOPRIGHT" relativePoint="TOPRIGHT">
                    <Offset x="0" y="-16"/>
                  </Anchor>
                  <Anchor point="BOTTOMRIGHT" relativePoint="BOTTOMRIGHT">
                    <Offset x="0" y="16"/>
                  </Anchor>
                </Anchors>
                <Scripts>
                  <OnValueChanged function="ZygorGuidesViewerFrame_Scroll_Slider_OnValueChanged" />
                </Scripts>
              </Slider>
            </Frames>

            <ScrollChild>
              <Frame name="$parentChild" setAllPoints="true">
                <Size x="300" y="50"/>
              </Frame>
            </ScrollChild>

            <Scripts>
              <OnUpdate function="ZygorGuidesViewerFrame_Scroll_OnUpdate" />
            </Scripts>
          </ScrollFrame>


          <Frame name="$parent_ThinFlash" frameStrata="HIGH" hidden="true" parentKey="ThinFlash">
            <Anchors>
              <Anchor point="TOPLEFT" relativeTo="$parentScroll">
                <Offset x="-18" y="18"/>
              </Anchor>
              <Anchor point="BOTTOMRIGHT" relativeTo="$parentScroll">
                <Offset x="18" y="-18"/>
              </Anchor>
            </Anchors>
            <Backdrop bgFile="Interface/Buttons/white8x8" edgeFile="Interface\Store\store-item-highlight" tile="true">
              <EdgeSize>
                <AbsValue val="32"/>
              </EdgeSize>
              <BackgroundInsets>
                <AbsInset left="20" right="20" top="20" bottom="20"/>
              </BackgroundInsets>
            </Backdrop>
            <Animations>
              <AnimationGroup name="$parent_flash" parentKey="flash">
                <Scripts>
                  <OnPlay>
                    self:GetParent():SetAlpha(1)
                  </OnPlay>
                  <OnFinished>
                    self:GetParent():SetAlpha(0)
                  </OnFinished>
                </Scripts>
                <Animation name="$parent_flashOut" looping="NONE" duration="0.4" maxFramerate="30" smoothing="OUT">
                  <Scripts>
                    <OnUpdate>
                      self:GetRegionParent():SetAlpha(1-self:GetSmoothProgress())
                    </OnUpdate>
                  </Scripts>
                </Animation>
              </AnimationGroup>
            </Animations>
          </Frame>

          <Frame name="ZGVF_Default_Menu" inherits="UIDropDownForkTemplate" hidden="true"/>

          <Frame name="$parent_ResizerLeft" parentKey="ResizerLeft">
            <Size x="10" y="10"/>
            <Anchors>
              <Anchor point="TOPLEFT" relativePoint="TOPLEFT">
                <Offset x="0" y="-10"/>
              </Anchor>
              <Anchor point="BOTTOMLEFT" relativePoint="BOTTOMLEFT">
                <Offset x="0" y="10"/>
              </Anchor>
            </Anchors>
            <Scripts>
              <OnMouseDown function="ZygorGuidesViewerFrame_ResizerLeft_OnMouseDown" />
              <OnMouseUp function="ZygorGuidesViewerFrame_Resizers_OnMouseUp" />
            </Scripts>
          </Frame>

          <Frame name="$parent_ResizerRight" parentKey="ResizerRight">
            <Size x="10" y="10"/>
            <Anchors>
              <Anchor point="TOPRIGHT" relativePoint="TOPRIGHT">
                <Offset x="0" y="-10"/>
              </Anchor>
              <Anchor point="BOTTOMRIGHT" relativePoint="BOTTOMRIGHT">
                <Offset x="0" y="10"/>
              </Anchor>
            </Anchors>
            <Scripts>
              <OnMouseDown function="ZygorGuidesViewerFrame_ResizerRight_OnMouseDown" />
              <OnMouseUp function="ZygorGuidesViewerFrame_Resizers_OnMouseUp" />
            </Scripts>
          </Frame>

          <Frame name="$parent_ResizerBottom" parentKey="ResizerBottom">
            <Size x="10" y="10"/>
            <Anchors>
              <!-- will anchor in code -->
            </Anchors>
            <Scripts>
              <OnMouseDown function="ZygorGuidesViewerFrame_ResizerBottom_OnMouseDown" />
              <OnMouseUp function="ZygorGuidesViewerFrame_Resizers_OnMouseUp" />
            </Scripts>
          </Frame>

          <Frame name="$parent_ResizerBottomLeft" parentKey="ResizerBottomLeft">
            <Size x="10" y="10"/>
            <Anchors>
              <Anchor point="BOTTOMLEFT" relativePoint="BOTTOMLEFT"/>
            </Anchors>
            <Scripts>
              <OnMouseDown function="ZygorGuidesViewerFrame_ResizerBottomLeft_OnMouseDown" />
              <OnMouseUp function="ZygorGuidesViewerFrame_Resizers_OnMouseUp" />
            </Scripts>
          </Frame>

          <Frame name="$parent_ResizerBottomRight" parentKey="ResizerBottomRight">
            <Size x="10" y="10"/>
            <Anchors>
              <Anchor point="BOTTOMRIGHT" relativePoint="BOTTOMRIGHT"/>
            </Anchors>
            <Scripts>
              <OnMouseDown function="ZygorGuidesViewerFrame_ResizerBottomRight_OnMouseDown" />
              <OnMouseUp function="ZygorGuidesViewerFrame_Resizers_OnMouseUp" />
            </Scripts>
          </Frame>

		</Frames>
	</Frame>  

</Ui>